SQL> --오라클을 설치하면 운영과 관련되어 필요한 시스템 테이블이 이미
SQL> --존재하는데, 이러한 시스템 테이블은 일명 딕셔너리란 이름으로 불린다.
SQL> --딕셔너리는 테이블을 수백여가지가 있으므로, 암기하기가 힘들다...
SQL> -- 노하우 : 접두어 일반사용자의 경우 user_로 시작함
SQL> -- 	 접두어 관리자인 경우 dba_ 로 시작함
SQL> -- 전부다 그런것은 아니다..(주의) .v$로 시작하는 것도 많음...
SQL> select table_naem from user_tables;

SQL> select table_name from user_tables;

TABLE_NAME                                                                      
------------------------------------------------------------                    
TEST                                                                            

SQL> -- 레코드 조회
SQL> select * from test;

no rows selected

SQL> descr test;
 Name                                      Null?    Type
 ----------------------------------------- -------- ----------------------------
 TEST_ID                                   NOT NULL NUMBER
 NAME                                               VARCHAR2(20)

SQL> desc test;
 Name                                      Null?    Type
 ----------------------------------------- -------- ----------------------------
 TEST_ID                                   NOT NULL NUMBER
 NAME                                               VARCHAR2(20)

SQL> --------------------------------------------------------------
SQL> -- 부서 테이블 생성/레코드 넣기
SQL> --------------------------------------------------------------
SQL> create table dept(
  2  deptno number
  3  ,dname varchar2(14)
  4  ,loc varchar2(13)
  5  ,primary key(deptno)
  6  );

Table created.

SQL>  --------------------------------------------------------------
SQL> -- 사원 테이블 생성/레코드 넣기
SQL> --------------------------------------------------------------
SQL> create table emp(
  2  empno number
  3  ,ename varchar2(10)
  4  ,job varchar2(9)
  5  ,mgr number
  6  ,hiredate date
  7  ,sal number
  8  ,comm number
  9  ,deptno number
 10  ,primary key(empno)
 11  );

Table created.

SQL> insert into dept(deptno,dname,loc) values(10,'ACCOUNTING','NEW YORK');

1 row created.

SQL> insert into dept(deptno,dname,loc) values(20,'RESEARCH','DALLAS');

1 row created.

SQL> insert into dept(deptno,dname,loc) values(30,'SALES','CHICAGO');

1 row created.

SQL> insert into dept(deptno,dname,loc) values(40,'OPERATIONS','BOSTON');

1 row created.

SQL> insert into emp(empno,ename,job,mgr,hiredate,sal,deptno) values(7369,'SMITH','CLERK',7902,'80/12/17',800,20);

1 row created.

SQL> insert into emp(empno,ename,job,mgr,hiredate,sal,comm,deptno) values(7499,'ALLEN','SALESMAN',7698,'81/02/20',1600,300,30);

1 row created.

SQL> insert into emp(empno,ename,job,mgr,hiredate,sal,comm,deptno) values(7521,'WARD','SALESMAN',7698,'81/02/22',1250,500,30);

1 row created.

SQL> insert into emp(empno,ename,job,mgr,hiredate,sal,deptno) values(7566,'JONES','MANAGER',7839,'81/04/02',2975,20);

1 row created.

SQL> insert into emp(empno,ename,job,mgr,hiredate,sal,comm,deptno) values(7654,'MARTIN','SALESMAN',7698,'81/09/28',1250,1400,30);

1 row created.

SQL> insert into emp(empno,ename,job,mgr,hiredate,sal,deptno) values(7698,'BLAKE','MANAGER',7839,'81/05/01',2850,30);

1 row created.

SQL> insert into emp(empno,ename,job,mgr,hiredate,sal,deptno) values(7782,'CLARK','MANAGER',7839,'81/06/09',2450,10);

1 row created.

SQL> insert into emp(empno,ename,job,mgr,hiredate,sal,deptno) values(7788,'SCOTT','ANALYST',7566,'87/04/19',3000,20);

1 row created.

SQL> insert into emp(empno,ename,job,hiredate,sal,deptno) values(7839,'KING','PRESIDENT','81/11/17',5000,10);

1 row created.

SQL> insert into emp(empno,ename,job,mgr,hiredate,sal,comm,deptno) values(7844,'TURNER','SALESMAN',7698,'81/09/08',1500,0,30);

1 row created.

SQL> insert into emp(empno,ename,job,mgr,hiredate,sal,deptno) values(7876,'ADAMS','CLERK',7788,'87/05/23',1100,20);

1 row created.

SQL> insert into emp(empno,ename,job,mgr,hiredate,sal,deptno) values(7900,'JAMES','CLERK',7698,'81/12/03',950,30);

1 row created.

SQL> insert into emp(empno,ename,job,mgr,hiredate,sal,deptno) values(7902,'FORD','ANALYST',7566,'81/12/03',3000,20);

1 row created.

SQL> insert into emp(empno,ename,job,mgr,hiredate,sal,deptno) values(7934,'MILLER','CLERK',7782,'82/01/23',1300,10);

1 row created.

SQL> select * from emp;

     EMPNO ENAME                JOB                       MGR HIREDATE          
---------- -------------------- ------------------ ---------- --------          
       SAL       COMM     DEPTNO                                                
---------- ---------- ----------                                                
      7369 SMITH                CLERK                    7902 80/12/17          
       800                    20                                                
                                                                                
      7499 ALLEN                SALESMAN                 7698 81/02/20          
      1600        300         30                                                
                                                                                
      7521 WARD                 SALESMAN                 7698 81/02/22          
      1250        500         30                                                
                                                                                

     EMPNO ENAME                JOB                       MGR HIREDATE          
---------- -------------------- ------------------ ---------- --------          
       SAL       COMM     DEPTNO                                                
---------- ---------- ----------                                                
      7566 JONES                MANAGER                  7839 81/04/02          
      2975                    20                                                
                                                                                
      7654 MARTIN               SALESMAN                 7698 81/09/28          
      1250       1400         30                                                
                                                                                
      7698 BLAKE                MANAGER                  7839 81/05/01          
      2850                    30                                                
                                                                                

     EMPNO ENAME                JOB                       MGR HIREDATE          
---------- -------------------- ------------------ ---------- --------          
       SAL       COMM     DEPTNO                                                
---------- ---------- ----------                                                
      7782 CLARK                MANAGER                  7839 81/06/09          
      2450                    10                                                
                                                                                
      7788 SCOTT                ANALYST                  7566 87/04/19          
      3000                    20                                                
                                                                                
      7839 KING                 PRESIDENT                     81/11/17          
      5000                    10                                                
                                                                                

     EMPNO ENAME                JOB                       MGR HIREDATE          
---------- -------------------- ------------------ ---------- --------          
       SAL       COMM     DEPTNO                                                
---------- ---------- ----------                                                
      7844 TURNER               SALESMAN                 7698 81/09/08          
      1500          0         30                                                
                                                                                
      7876 ADAMS                CLERK                    7788 87/05/23          
      1100                    20                                                
                                                                                
      7900 JAMES                CLERK                    7698 81/12/03          
       950                    30                                                
                                                                                

     EMPNO ENAME                JOB                       MGR HIREDATE          
---------- -------------------- ------------------ ---------- --------          
       SAL       COMM     DEPTNO                                                
---------- ---------- ----------                                                
      7902 FORD                 ANALYST                  7566 81/12/03          
      3000                    20                                                
                                                                                
      7934 MILLER               CLERK                    7782 82/01/23          
      1300                    10                                                
                                                                                

14 rows selected.

SQL> commit;

Commit complete.

SQL> -- 부서 조회
SQL> select * from dept;

    DEPTNO DNAME                        LOC                                     
---------- ---------------------------- --------------------------              
        10 ACCOUNTING                   NEW YORK                                
        20 RESEARCH                     DALLAS                                  
        30 SALES                        CHICAGO                                 
        40 OPERATIONS                   BOSTON                                  

SQL> select * from emp;

     EMPNO ENAME                JOB                       MGR HIREDATE          
---------- -------------------- ------------------ ---------- --------          
       SAL       COMM     DEPTNO                                                
---------- ---------- ----------                                                
      7369 SMITH                CLERK                    7902 80/12/17          
       800                    20                                                
                                                                                
      7499 ALLEN                SALESMAN                 7698 81/02/20          
      1600        300         30                                                
                                                                                
      7521 WARD                 SALESMAN                 7698 81/02/22          
      1250        500         30                                                
                                                                                

     EMPNO ENAME                JOB                       MGR HIREDATE          
---------- -------------------- ------------------ ---------- --------          
       SAL       COMM     DEPTNO                                                
---------- ---------- ----------                                                
      7566 JONES                MANAGER                  7839 81/04/02          
      2975                    20                                                
                                                                                
      7654 MARTIN               SALESMAN                 7698 81/09/28          
      1250       1400         30                                                
                                                                                
      7698 BLAKE                MANAGER                  7839 81/05/01          
      2850                    30                                                
                                                                                

     EMPNO ENAME                JOB                       MGR HIREDATE          
---------- -------------------- ------------------ ---------- --------          
       SAL       COMM     DEPTNO                                                
---------- ---------- ----------                                                
      7782 CLARK                MANAGER                  7839 81/06/09          
      2450                    10                                                
                                                                                
      7788 SCOTT                ANALYST                  7566 87/04/19          
      3000                    20                                                
                                                                                
      7839 KING                 PRESIDENT                     81/11/17          
      5000                    10                                                
                                                                                

     EMPNO ENAME                JOB                       MGR HIREDATE          
---------- -------------------- ------------------ ---------- --------          
       SAL       COMM     DEPTNO                                                
---------- ---------- ----------                                                
      7844 TURNER               SALESMAN                 7698 81/09/08          
      1500          0         30                                                
                                                                                
      7876 ADAMS                CLERK                    7788 87/05/23          
      1100                    20                                                
                                                                                
      7900 JAMES                CLERK                    7698 81/12/03          
       950                    30                                                
                                                                                

     EMPNO ENAME                JOB                       MGR HIREDATE          
---------- -------------------- ------------------ ---------- --------          
       SAL       COMM     DEPTNO                                                
---------- ---------- ----------                                                
      7902 FORD                 ANALYST                  7566 81/12/03          
      3000                    20                                                
                                                                                
      7934 MILLER               CLERK                    7782 82/01/23          
      1300                    10                                                
                                                                                

14 rows selected.

SQL> --SQLPLUS 툴의 옵션 변경(SQL문이 아님 툴자체를 조절)
SQL> set line 300
SQL> --현재화면을 300자를 감당할 수 있는 크기로 조정
SQL> select * from emp;

     EMPNO ENAME                JOB                       MGR HIREDATE        SAL       COMM     DEPTNO                                                                                                                                                                                                     
---------- -------------------- ------------------ ---------- -------- ---------- ---------- ----------                                                                                                                                                                                                     
      7369 SMITH                CLERK                    7902 80/12/17        800                    20                                                                                                                                                                                                     
      7499 ALLEN                SALESMAN                 7698 81/02/20       1600        300         30                                                                                                                                                                                                     
      7521 WARD                 SALESMAN                 7698 81/02/22       1250        500         30                                                                                                                                                                                                     
      7566 JONES                MANAGER                  7839 81/04/02       2975                    20                                                                                                                                                                                                     
      7654 MARTIN               SALESMAN                 7698 81/09/28       1250       1400         30                                                                                                                                                                                                     
      7698 BLAKE                MANAGER                  7839 81/05/01       2850                    30                                                                                                                                                                                                     
      7782 CLARK                MANAGER                  7839 81/06/09       2450                    10                                                                                                                                                                                                     
      7788 SCOTT                ANALYST                  7566 87/04/19       3000                    20                                                                                                                                                                                                     
      7839 KING                 PRESIDENT                     81/11/17       5000                    10                                                                                                                                                                                                     
      7844 TURNER               SALESMAN                 7698 81/09/08       1500          0         30                                                                                                                                                                                                     
      7876 ADAMS                CLERK                    7788 87/05/23       1100                    20                                                                                                                                                                                                     

     EMPNO ENAME                JOB                       MGR HIREDATE        SAL       COMM     DEPTNO                                                                                                                                                                                                     
---------- -------------------- ------------------ ---------- -------- ---------- ---------- ----------                                                                                                                                                                                                     
      7900 JAMES                CLERK                    7698 81/12/03        950                    30                                                                                                                                                                                                     
      7902 FORD                 ANALYST                  7566 81/12/03       3000                    20                                                                                                                                                                                                     
      7934 MILLER               CLERK                    7782 82/01/23       1300                    10                                                                                                                                                                                                     

14 rows selected.

SQL> select * from emp where sal<3000;

     EMPNO ENAME                JOB                       MGR HIREDATE        SAL       COMM     DEPTNO                                                                                                                                                                                                     
---------- -------------------- ------------------ ---------- -------- ---------- ---------- ----------                                                                                                                                                                                                     
      7369 SMITH                CLERK                    7902 80/12/17        800                    20                                                                                                                                                                                                     
      7499 ALLEN                SALESMAN                 7698 81/02/20       1600        300         30                                                                                                                                                                                                     
      7521 WARD                 SALESMAN                 7698 81/02/22       1250        500         30                                                                                                                                                                                                     
      7566 JONES                MANAGER                  7839 81/04/02       2975                    20                                                                                                                                                                                                     
      7654 MARTIN               SALESMAN                 7698 81/09/28       1250       1400         30                                                                                                                                                                                                     
      7698 BLAKE                MANAGER                  7839 81/05/01       2850                    30                                                                                                                                                                                                     
      7782 CLARK                MANAGER                  7839 81/06/09       2450                    10                                                                                                                                                                                                     
      7844 TURNER               SALESMAN                 7698 81/09/08       1500          0         30                                                                                                                                                                                                     
      7876 ADAMS                CLERK                    7788 87/05/23       1100                    20                                                                                                                                                                                                     
      7900 JAMES                CLERK                    7698 81/12/03        950                    30                                                                                                                                                                                                     
      7934 MILLER               CLERK                    7782 82/01/23       1300                    10                                                                                                                                                                                                     

11 rows selected.


SQL> select * from emp where deptno in(select deptno from emp where sal=3000);

     EMPNO ENAME                JOB                       MGR HIREDATE        SAL       COMM     DEPTNO                                                                                                                                                                                                     
---------- -------------------- ------------------ ---------- -------- ---------- ---------- ----------                                                                                                                                                                                                     
      7902 FORD                 ANALYST                  7566 81/12/03       3000                    20                                                                                                                                                                                                     
      7876 ADAMS                CLERK                    7788 87/05/23       1100                    20                                                                                                                                                                                                     
      7788 SCOTT                ANALYST                  7566 87/04/19       3000                    20                                                                                                                                                                                                     
      7566 JONES                MANAGER                  7839 81/04/02       2975                    20                                                                                                                                                                                                     
      7369 SMITH                CLERK                    7902 80/12/17        800                    20                                                                                                                                                                                                     

    7902 80/12/17        800                    20                                                                                                                                                                                                     

--1

SQL> select ENAME, SAL, DEPTNO from emp where sal>(select min(sal) from emp where deptno = (select deptno from emp where ename = 'MILLER'));

ENAME                       SAL     DEPTNO                                                                                                                                                                                                                                                                  
-------------------- ---------- ----------                                                                                                                                                                                                                                                                  
ALLEN                      1600         30                                                                                                                                                                                                                                                                  
JONES                      2975         20                                                                                                                                                                                                                                                                  
BLAKE                      2850         30                                                                                                                                                                                                                                                                  
CLARK                      2450         10                                                                                                                                                                                                                                                                  
SCOTT                      3000         20                                                                                                                                                                                                                                                                  
KING                       5000         10                                                                                                                                                                                                                                                                  
TURNER                     1500         30                                                                                                                                                                                                                                                                  
FORD                       3000         20                                                                                                                                                                                                                                                                  

8 rows selected.

--2

SQL> select ename,sal from emp where sal > (select max(sal) from emp where ename like '%E%');

ENAME                       SAL                                                                                                                                                                                                                                                                             
-------------------- ----------                                                                                                                                                                                                                                                                             
SCOTT                      3000                                                                                                                                                                                                                                                                             
KING                       5000                                                                                                                                                                                                                                                                             
FORD                       3000                                                                                                                                                                                                                                                                             

--3
SQL> select ename, sal, hiredate from emp where sal < (select sal from emp where hiredate = (select max(hiredate) from emp where deptno=10)) order by hiredate asc;

ENAME                       SAL HIREDATE                                                                                                                                                                                                                                                                    
-------------------- ---------- --------                                                                                                                                                                                                                                                                    
SMITH                       800 80/12/17                                                                                                                                                                                                                                                                    
WARD                       1250 81/02/22                                                                                                                                                                                                                                                                    
MARTIN                     1250 81/09/28                                                                                                                                                                                                                                                                    
JAMES                       950 81/12/03                                                                                                                                                                                                                                                                    
ADAMS                      1100 87/05/23                                                                                                                                                                                                                                                                    


--4         

--5 
SQL> select job, sal from emp where hiredate>(select hiredate from emp where ename ='SMITH');

JOB                       SAL
------------------ ----------
SALESMAN                 1600
SALESMAN                 1250
MANAGER                  2975
SALESMAN                 1250
MANAGER                  2850
MANAGER                  2450
ANALYST                  3000
PRESIDENT                5000
SALESMAN                 1500
CLERK                    1100
CLERK                     950

JOB                       SAL
------------------ ----------
ANALYST                  3000
CLERK                    1300

13 rows selected.

--6

SQL> select ename,sal from emp where sal> (select max(sal) from emp where deptno=30);

ENAME                       SAL
-------------------- ----------
JONES                      2975
SCOTT                      3000
KING                       5000
FORD                       3000

--7
 select ename,dname,sal from emp,dept where emp.deptno=dept.deptno and hiredate < (select hiredate from emp where comm =(select max(comm)from emp));

ENAME                DNAME                               SAL
-------------------- ---------------------------- ----------
SMITH                RESEARCH                            800
ALLEN                SALES                              1600
WARD                 SALES                              1250
JONES                RESEARCH                           2975
BLAKE                SALES                              2850
CLARK                ACCOUNTING                         2450
TURNER               SALES                              1500

7 rows selected.                    

--8
select ename,hiredate from emp where sal = (select max(sal) from emp where job='SALESMAN');

ENAME                HIREDATE
-------------------- --------
ALLEN                81/02/20

--9
select hiredate from emp where hiredate> (select hiredate from emp where sal =(select max(sal) from emp where job = (select job from emp where ename='WARD')));

HIREDATE
--------
81/02/22
81/04/02
81/09/28
81/05/01
81/06/09
87/04/19
81/11/17
81/09/08
87/05/23
81/12/03
81/12/03

HIREDATE
--------
82/01/23

12 rows selected.                                                                                                                                                                                                                                   -
--10
select ename, hiredate from emp where hiredate = (select min(hiredate) from emp where comm is null);

ENAME                HIREDATE
-------------------- --------
SMITH                80/12/17

--11

SQL> select ename, hiredate from emp where sal between 2000 and 4000 and deptno = (select deptno from emp where ename='SCOTT');

ENAME                HIREDATE
-------------------- --------
JONES                81/04/02
SCOTT                87/04/19
FORD                 81/12/03


--12
